team1,team1_url,team1_logo,term
Урал,https://www.championat.com/football/_russiapl/tournament/2599/teams/99405/result/,https://img.championat.com/team/logo/14658380112046023866.png,soccer>rpl
Спартак М,https://www.championat.com/football/_russiapl/tournament/2599/teams/99403/result/,https://img.championat.com/team/logo/1469196578267020071.png,soccer>rpl
Ростов,https://www.championat.com/football/_russiapl/tournament/2599/teams/99399/result/,https://img.championat.com/team/logo/14658384351941932061.png,soccer>rpl
Енисей,https://www.championat.com/football/_russiapl/tournament/2599/teams/99387/result/,https://img.championat.com/team/logo/1469524213837900344.png,soccer>rpl
Арсенал,https://www.championat.com/football/_russiapl/tournament/2599/teams/99381/result/,https://img.championat.com/team/logo/1469196810876965292.png,soccer>rpl
Рубин,https://www.championat.com/football/_russiapl/tournament/2599/teams/99401/result/,https://img.championat.com/team/logo/14696436191917594467.png,soccer>rpl
Уфа,https://www.championat.com/football/_russiapl/tournament/2599/teams/99407/result/,https://img.championat.com/team/logo/14658379871523448246.png,soccer>rpl
Крылья Советов,https://www.championat.com/football/_russiapl/tournament/2599/teams/99393/result/,https://img.championat.com/team/logo/1465838512157254062.png,soccer>rpl
Динамо М,https://www.championat.com/football/_russiapl/tournament/2599/teams/99385/result/,https://img.championat.com/team/logo/1465838729886051809.png,soccer>rpl
Зенит,https://www.championat.com/football/_russiapl/tournament/2599/teams/99389/result/,https://img.championat.com/team/logo/14658385841081757673.png,soccer>rpl
Локомотив М,https://www.championat.com/football/_russiapl/tournament/2599/teams/99395/result/,https://img.championat.com/team/logo/14658384771344549206.png,soccer>rpl
ЦСКА,https://www.championat.com/football/_russiapl/tournament/2599/teams/99409/result/,https://img.championat.com/team/logo/1465837941322079237.png,soccer>rpl
Ахмат,https://www.championat.com/football/_russiapl/tournament/2599/teams/99383/result/,https://img.championat.com/team/logo/1501229909577937100.png,soccer>rpl
Оренбург,https://www.championat.com/football/_russiapl/tournament/2599/teams/99397/result/,https://img.championat.com/team/logo/1468673791752765441.png,soccer>rpl
Анжи,https://www.championat.com/football/_russiapl/tournament/2599/teams/102845/result/,https://img.championat.com/team/logo/14658386242066665742.png,soccer>rpl
Краснодар,https://www.championat.com/football/_russiapl/tournament/2599/teams/99391/result/,https://img.championat.com/team/logo/14676324111013772033.png,soccer>rpl
Жирона,https://www.championat.com/football/_spain/tournament/2625/teams/109421/result/,https://img.championat.com/team/logo/1504639241335445469.png,soccer>primera
Бетис,https://www.championat.com/football/_spain/tournament/2625/teams/109399/result/,https://img.championat.com/team/logo/14679047701167272027.png,soccer>primera
Сельта,https://www.championat.com/football/_spain/tournament/2625/teams/109407/result/,https://img.championat.com/team/logo/14679059851258987324.png,soccer>primera
Вильярреал,https://www.championat.com/football/_spain/tournament/2625/teams/109397/result/,https://img.championat.com/team/logo/147113139312089689.png,soccer>primera
Барселона,https://www.championat.com/football/_spain/tournament/2625/teams/109389/result/,https://img.championat.com/team/logo/14679046901516426008.png,soccer>primera
Эйбар,https://www.championat.com/football/_spain/tournament/2625/teams/109415/result/,https://img.championat.com/team/logo/1471131218216520108.png,soccer>primera
Райо Вальекано,https://www.championat.com/football/_spain/tournament/2625/teams/109419/result/,https://img.championat.com/team/logo/1440159285228230529.jpg,soccer>primera
Реал Мадрид,https://www.championat.com/football/_spain/tournament/2625/teams/109387/result/,https://img.championat.com/team/logo/146790582234803524.png,soccer>primera
Валенсия,https://www.championat.com/football/_spain/tournament/2625/teams/109385/result/,https://img.championat.com/team/logo/1552494486543352973.png,soccer>primera
Атлетик Б,https://www.championat.com/football/_spain/tournament/2625/teams/109391/result/,https://img.championat.com/team/logo/14679045581889938397.png,soccer>primera
Хетафе,https://www.championat.com/football/_spain/tournament/2625/teams/109413/result/,https://img.championat.com/team/logo/1505487413617147410.png,soccer>primera
Леганес,https://www.championat.com/football/_spain/tournament/2625/teams/109417/result/,https://img.championat.com/team/logo/1471720327453032493.png,soccer>primera
Алавес,https://www.championat.com/football/_spain/tournament/2625/teams/109411/result/,https://img.championat.com/team/logo/14711305631374557838.png,soccer>primera
Атлетико М,https://www.championat.com/football/_spain/tournament/2625/teams/109393/result/,https://img.championat.com/team/logo/14993181701810298601.png,soccer>primera
Вальядолид,https://www.championat.com/football/_spain/tournament/2625/teams/109403/result/,https://img.championat.com/team/logo/15693433181610541196.png,soccer>primera
Эспаньол,https://www.championat.com/football/_spain/tournament/2625/teams/109405/result/,https://img.championat.com/team/logo/14679063631870632708.png,soccer>primera
Севилья,https://www.championat.com/football/_spain/tournament/2625/teams/109395/result/,https://img.championat.com/team/logo/14679059422838130.png,soccer>primera
Леванте,https://www.championat.com/football/_spain/tournament/2625/teams/109409/result/,https://img.championat.com/team/logo/1552494505522360491.png,soccer>primera
Уэска,https://www.championat.com/football/_spain/tournament/2625/teams/109423/result/,https://img.championat.com/team/logo/14135750001342042160_huesca.jpg,soccer>primera
Реал Сосьедад,https://www.championat.com/football/_spain/tournament/2625/teams/109401/result/,https://img.championat.com/team/logo/14679058731623607827.png,soccer>primera
Торонто Мэйпл Лифс,https://www.championat.com/hockey/_nhl/tournament/2635/teams/102859/result/,https://www.championat.com/hockey/_nhl/tournament/2635/teams/102859/result/,hokkey>nhl
Вашингтон Кэпиталз,https://www.championat.com/hockey/_nhl/tournament/2635/teams/102857/result/,https://www.championat.com/hockey/_nhl/tournament/2635/teams/102857/result/,hokkey>nhl
Ванкувер Кэнакс,https://www.championat.com/hockey/_nhl/tournament/2635/teams/102897/result/,https://www.championat.com/hockey/_nhl/tournament/2635/teams/102897/result/,hokkey>nhl
Сан-Хосе Шаркс,https://www.championat.com/hockey/_nhl/tournament/2635/teams/102867/result/,https://www.championat.com/hockey/_nhl/tournament/2635/teams/102867/result/,hokkey>nhl
Каролина Харрикейнз,https://www.championat.com/hockey/_nhl/tournament/2635/teams/102887/result/,https://www.championat.com/hockey/_nhl/tournament/2635/teams/102887/result/,hokkey>nhl
Питтсбург Пингвинз,https://www.championat.com/hockey/_nhl/tournament/2635/teams/102865/result/,https://www.championat.com/hockey/_nhl/tournament/2635/teams/102865/result/,hokkey>nhl
Баффало Сэйбрз,https://www.championat.com/hockey/_nhl/tournament/2635/teams/102907/result/,https://www.championat.com/hockey/_nhl/tournament/2635/teams/102907/result/,hokkey>nhl
Нью-Йорк Рейнджерс,https://www.championat.com/hockey/_nhl/tournament/2635/teams/102893/result/,https://www.championat.com/hockey/_nhl/tournament/2635/teams/102893/result/,hokkey>nhl
Детройт Ред Уингз,https://www.championat.com/hockey/_nhl/tournament/2635/teams/102899/result/,https://www.championat.com/hockey/_nhl/tournament/2635/teams/102899/result/,hokkey>nhl
Оттава Сенаторз,https://www.championat.com/hockey/_nhl/tournament/2635/teams/102905/result/,https://www.championat.com/hockey/_nhl/tournament/2635/teams/102905/result/,hokkey>nhl
Сент-Луис Блюз,https://www.championat.com/hockey/_nhl/tournament/2635/teams/102881/result/,https://www.championat.com/hockey/_nhl/tournament/2635/teams/102881/result/,hokkey>nhl
Даллас Старз,https://www.championat.com/hockey/_nhl/tournament/2635/teams/102883/result/,https://www.championat.com/hockey/_nhl/tournament/2635/teams/102883/result/,hokkey>nhl
Колорадо Эвеланш,https://www.championat.com/hockey/_nhl/tournament/2635/teams/102879/result/,https://www.championat.com/hockey/_nhl/tournament/2635/teams/102879/result/,hokkey>nhl
Вегас Голден Найтс,https://www.championat.com/hockey/_nhl/tournament/2635/teams/102855/result/,https://www.championat.com/hockey/_nhl/tournament/2635/teams/102855/result/,hokkey>nhl
Коламбус Блю Джекетс,https://www.championat.com/hockey/_nhl/tournament/2635/teams/102873/result/,https://www.championat.com/hockey/_nhl/tournament/2635/teams/102873/result/,hokkey>nhl
Лос-Анджелес Кингз,https://www.championat.com/hockey/_nhl/tournament/2635/teams/102869/result/,https://www.championat.com/hockey/_nhl/tournament/2635/teams/102869/result/,hokkey>nhl
Нью-Джерси Дэвилз,https://www.championat.com/hockey/_nhl/tournament/2635/teams/102875/result/,https://www.championat.com/hockey/_nhl/tournament/2635/teams/102875/result/,hokkey>nhl
Нью-Йорк Айлендерс,https://www.championat.com/hockey/_nhl/tournament/2635/teams/102889/result/,https://www.championat.com/hockey/_nhl/tournament/2635/teams/102889/result/,hokkey>nhl
Тампа-Бэй Лайтнинг,https://www.championat.com/hockey/_nhl/tournament/2635/teams/102851/result/,https://www.championat.com/hockey/_nhl/tournament/2635/teams/102851/result/,hokkey>nhl
Миннесота Уайлд,https://www.championat.com/hockey/_nhl/tournament/2635/teams/102861/result/,https://www.championat.com/hockey/_nhl/tournament/2635/teams/102861/result/,hokkey>nhl
Аризона Койотс,https://www.championat.com/hockey/_nhl/tournament/2635/teams/102903/result/,https://www.championat.com/hockey/_nhl/tournament/2635/teams/102903/result/,hokkey>nhl
Калгари Флэймз,https://www.championat.com/hockey/_nhl/tournament/2635/teams/102885/result/,https://www.championat.com/hockey/_nhl/tournament/2635/teams/102885/result/,hokkey>nhl
Чикаго Блэкхоукс,https://www.championat.com/hockey/_nhl/tournament/2635/teams/102895/result/,https://www.championat.com/hockey/_nhl/tournament/2635/teams/102895/result/,hokkey>nhl
Бостон Брюинз,https://www.championat.com/hockey/_nhl/tournament/2635/teams/102853/result/,https://www.championat.com/hockey/_nhl/tournament/2635/teams/102853/result/,hokkey>nhl
Анахайм Дакс,https://www.championat.com/hockey/_nhl/tournament/2635/teams/102863/result/,https://www.championat.com/hockey/_nhl/tournament/2635/teams/102863/result/,hokkey>nhl
Филадельфия Флайерз,https://www.championat.com/hockey/_nhl/tournament/2635/teams/102871/result/,https://www.championat.com/hockey/_nhl/tournament/2635/teams/102871/result/,hokkey>nhl
Виннипег Джетс,https://www.championat.com/hockey/_nhl/tournament/2635/teams/102849/result/,https://www.championat.com/hockey/_nhl/tournament/2635/teams/102849/result/,hokkey>nhl
Нэшвилл Предаторз,https://www.championat.com/hockey/_nhl/tournament/2635/teams/102847/result/,https://www.championat.com/hockey/_nhl/tournament/2635/teams/102847/result/,hokkey>nhl
Флорида Пантерз,https://www.championat.com/hockey/_nhl/tournament/2635/teams/102877/result/,https://www.championat.com/hockey/_nhl/tournament/2635/teams/102877/result/,hokkey>nhl
Монреаль Канадиенс,https://www.championat.com/hockey/_nhl/tournament/2635/teams/102901/result/,https://www.championat.com/hockey/_nhl/tournament/2635/teams/102901/result/,hokkey>nhl
Эдмонтон Ойлерз,https://www.championat.com/hockey/_nhl/tournament/2635/teams/102891/result/,https://www.championat.com/hockey/_nhl/tournament/2635/teams/102891/result/,hokkey>nhl
Красная Армия,https://www.championat.com/hockey/_mhl/tournament/2809/teams/112209/result/,https://img.championat.com/team/logo/1534539483404828900.png,hokkey>mhl
Реактор,https://www.championat.com/hockey/_mhl/tournament/2809/teams/112229/result/,https://img.championat.com/team/logo/15530023131568650881.png,hokkey>mhl
МХК Динамо СПб,https://www.championat.com/hockey/_mhl/tournament/2809/teams/112223/result/,https://img.championat.com/team/logo/15355405011543099097.png,hokkey>mhl
СКА-1946,https://www.championat.com/hockey/_mhl/tournament/2809/teams/112237/result/,https://img.championat.com/team/logo/15355405511887981522.png,hokkey>mhl
Сибирские Снайперы,https://www.championat.com/hockey/_mhl/tournament/2809/teams/112235/result/,https://img.championat.com/team/logo/15061788671967980796.png,hokkey>mhl
Кузнецкие Медведи,https://www.championat.com/hockey/_mhl/tournament/2809/teams/112213/result/,https://img.championat.com/team/logo/15530024831394802772.png,hokkey>mhl
Стальные Лисы,https://www.championat.com/hockey/_mhl/tournament/2809/teams/112245/result/,https://img.championat.com/team/logo/1535626775434301999.png,hokkey>mhl
Спутник Ал,https://www.championat.com/hockey/_mhl/tournament/2809/teams/112243/result/,https://img.championat.com/team/logo/1534539528464561128.png,hokkey>mhl
Сарматы,https://www.championat.com/hockey/_mhl/tournament/2809/teams/112233/result/,https://img.championat.com/team/logo/155300228157367192.png,hokkey>mhl
Мамонты Югры,https://www.championat.com/hockey/_mhl/tournament/2809/teams/112219/result/,https://img.championat.com/team/logo/15530024072000250315.png,hokkey>mhl
Тюменский Легион,https://www.championat.com/hockey/_mhl/tournament/2809/teams/112251/result/,https://img.championat.com/team/logo/1553002087911048918.png,hokkey>mhl
Локо,https://www.championat.com/hockey/_mhl/tournament/2809/teams/112217/result/,https://img.championat.com/team/logo/14768236802034612590.png,hokkey>mhl
Алмаз,https://www.championat.com/hockey/_mhl/tournament/2809/teams/112197/result/,https://img.championat.com/team/logo/15396362351790230025.png,hokkey>mhl
ХК Рига,https://www.championat.com/hockey/_mhl/tournament/2809/teams/112255/result/,https://img.championat.com/team/logo/15033850031742199856.png,hokkey>mhl
СКА-Варяги,https://www.championat.com/hockey/_mhl/tournament/2809/teams/112239/result/,https://img.championat.com/team/logo/15355404081186695345.png,hokkey>mhl
Атланты,https://www.championat.com/hockey/_mhl/tournament/2809/teams/112203/result/,https://img.championat.com/team/logo/15530026251827853032.png,hokkey>mhl
Амурские Тигры,https://www.championat.com/hockey/_mhl/tournament/2809/teams/112201/result/,https://img.championat.com/team/logo/14873421101455866028.png,hokkey>mhl
Русские Витязи,https://www.championat.com/hockey/_mhl/tournament/2809/teams/112231/result/,https://img.championat.com/team/logo/1553002356800346070.png,hokkey>mhl
Капитан,https://www.championat.com/hockey/_mhl/tournament/2809/teams/112253/result/,https://img.championat.com/team/logo/15530025161830987548.png,hokkey>mhl
МХК Динамо М,https://www.championat.com/hockey/_mhl/tournament/2809/teams/112221/result/,https://img.championat.com/team/logo/1506178735229888648.png,hokkey>mhl
Авто,https://www.championat.com/hockey/_mhl/tournament/2809/teams/112195/result/,https://img.championat.com/team/logo/15528686911364929164.png,hokkey>mhl
Толпар,https://www.championat.com/hockey/_mhl/tournament/2809/teams/112249/result/,https://img.championat.com/team/logo/1553002148979257369.png,hokkey>mhl
Белые Медведи,https://www.championat.com/hockey/_mhl/tournament/2809/teams/112205/result/,https://img.championat.com/team/logo/15530025821445559807.png,hokkey>mhl
Ладья,https://www.championat.com/hockey/_mhl/tournament/2809/teams/112215/result/,https://img.championat.com/team/logo/1553002446462570952.png,hokkey>mhl
Ирбис,https://www.championat.com/hockey/_mhl/tournament/2809/teams/112207/result/,https://img.championat.com/team/logo/1553002547691894114.png,hokkey>mhl
МХК Спартак,https://www.championat.com/hockey/_mhl/tournament/2809/teams/112225/result/,https://img.championat.com/team/logo/15054223591722226209.png,hokkey>mhl
Тайфун,https://www.championat.com/hockey/_mhl/tournament/2809/teams/112247/result/,https://img.championat.com/team/logo/1487343827840782905.png,hokkey>mhl
Крылья Советов,https://www.championat.com/hockey/_mhl/tournament/2809/teams/112211/result/,https://img.championat.com/team/logo/15061789151827512747.png,hokkey>mhl
КРС-Хэйлунцзян,https://www.championat.com/hockey/_mhl/tournament/2809/teams/112191/result/,https://img.championat.com/team/logo/1535540604517176906.png,hokkey>mhl
Алтай,https://www.championat.com/hockey/_mhl/tournament/2809/teams/112199/result/,https://img.championat.com/team/logo/1487342034794699859.png,hokkey>mhl
Снежные Барсы,https://www.championat.com/hockey/_mhl/tournament/2809/teams/112241/result/,https://img.championat.com/team/logo/15530021931337153030.png,hokkey>mhl
Чайка,https://www.championat.com/hockey/_mhl/tournament/2809/teams/112257/result/,https://img.championat.com/team/logo/15345391161742712425.png,hokkey>mhl
Омские Ястребы,https://www.championat.com/hockey/_mhl/tournament/2809/teams/112227/result/,https://img.championat.com/team/logo/1536011771473650098.png,hokkey>mhl
Марсель,https://www.championat.com/football/_france/tournament/2617/teams/100781/result/,https://img.championat.com/team/logo/1467974889410364083.png,soccer>liga1
Нант,https://www.championat.com/football/_france/tournament/2617/teams/100779/result/,https://img.championat.com/team/logo/14679750811321483974.png,soccer>liga1
Анже,https://www.championat.com/football/_france/tournament/2617/teams/100805/result/,https://img.championat.com/team/logo/14679742581602632101.png,soccer>liga1
Лилль,https://www.championat.com/football/_france/tournament/2617/teams/100789/result/,https://img.championat.com/team/logo/1533678031366287247.png,soccer>liga1
Монпелье,https://www.championat.com/football/_france/tournament/2617/teams/100801/result/,https://img.championat.com/team/logo/1467975041799833268.png,soccer>liga1
Ницца,https://www.championat.com/football/_france/tournament/2617/teams/100787/result/,https://img.championat.com/team/logo/14679751201569299850.png,soccer>liga1
Сент-Этьен,https://www.championat.com/football/_france/tournament/2617/teams/100795/result/,https://img.championat.com/team/logo/14679752992060838910.png,soccer>liga1
Лион,https://www.championat.com/football/_france/tournament/2617/teams/100773/result/,https://img.championat.com/team/logo/14679747732018446202.png,soccer>liga1
Бордо,https://www.championat.com/football/_france/tournament/2617/teams/100783/result/,https://img.championat.com/team/logo/14679744791598933686.png,soccer>liga1
ПСЖ,https://www.championat.com/football/_france/tournament/2617/teams/100777/result/,https://img.championat.com/team/logo/1467975169671990612.png,soccer>liga1
Реймс,https://www.championat.com/football/_france/tournament/2617/teams/100807/result/,https://img.championat.com/team/logo/1569350058914292250.png,soccer>liga1
Генгам,https://www.championat.com/football/_france/tournament/2617/teams/100799/result/,https://img.championat.com/team/logo/1467974544289099289.png,soccer>liga1
Амьен,https://www.championat.com/football/_france/tournament/2617/teams/100803/result/,https://img.championat.com/team/logo/1504639581125612915.png,soccer>liga1
Кан,https://www.championat.com/football/_france/tournament/2617/teams/100797/result/,https://img.championat.com/team/logo/1470982235392578506.png,soccer>liga1
Дижон,https://www.championat.com/football/_france/tournament/2617/teams/100809/result/,https://img.championat.com/team/logo/14711311891114165144.png,soccer>liga1
Монако,https://www.championat.com/football/_france/tournament/2617/teams/100775/result/,https://img.championat.com/team/logo/1467974946805228120.png,soccer>liga1
Ренн,https://www.championat.com/football/_france/tournament/2617/teams/100785/result/,https://img.championat.com/team/logo/1467975251750676666.png,soccer>liga1
Страсбург,https://www.championat.com/football/_france/tournament/2617/teams/100791/result/,https://img.championat.com/team/logo/1471169395629050033.png,soccer>liga1
Тулуза,https://www.championat.com/football/_france/tournament/2617/teams/100793/result/,https://img.championat.com/team/logo/1533678117470126938.png,soccer>liga1
Ним,https://www.championat.com/football/_france/tournament/2617/teams/100811/result/,https://img.championat.com/team/logo/1533678077255279643.png,soccer>liga1
Ак Барс,https://www.championat.com/hockey/_superleague/tournament/2593/teams/99227/result/,https://img.championat.com/team/logo/1467223627866443263.png,hokkey>khl
Автомобилист,https://www.championat.com/hockey/_superleague/tournament/2593/teams/99225/result/,https://img.championat.com/team/logo/1467223858948139818.png,hokkey>khl
Металлург Мг,https://www.championat.com/hockey/_superleague/tournament/2593/teams/99229/result/,https://img.championat.com/team/logo/14873432861635035570.png,hokkey>khl
Трактор,https://www.championat.com/hockey/_superleague/tournament/2593/teams/99235/result/,https://img.championat.com/team/logo/15356268941982599430.png,hokkey>khl
Северсталь,https://www.championat.com/hockey/_superleague/tournament/2593/teams/99207/result/,https://img.championat.com/team/logo/15498790801733912891.png,hokkey>khl
Динамо М,https://www.championat.com/hockey/_superleague/tournament/2593/teams/99201/result/,https://img.championat.com/team/logo/1467224013614930122.png,hokkey>khl
Спартак,https://www.championat.com/hockey/_superleague/tournament/2593/teams/99211/result/,https://img.championat.com/team/logo/14751955781691057475.png,hokkey>khl
Локомотив,https://www.championat.com/hockey/_superleague/tournament/2593/teams/99217/result/,https://img.championat.com/team/logo/14672244642043297304.png,hokkey>khl
Йокерит,https://www.championat.com/hockey/_superleague/tournament/2593/teams/99205/result/,https://img.championat.com/team/logo/15355410171468225624.png,hokkey>khl
Нефтехимик,https://www.championat.com/hockey/_superleague/tournament/2593/teams/99231/result/,https://img.championat.com/team/logo/1503388331836876809.png,hokkey>khl
Торпедо,https://www.championat.com/hockey/_superleague/tournament/2593/teams/99233/result/,https://img.championat.com/team/logo/1535540944589599962.png,hokkey>khl
ХК Сочи,https://www.championat.com/hockey/_superleague/tournament/2593/teams/99221/result/,https://img.championat.com/team/logo/1487342569311825485.png,hokkey>khl
СКА,https://www.championat.com/hockey/_superleague/tournament/2593/teams/99209/result/,https://img.championat.com/team/logo/14873435512073686720.png,hokkey>khl
Динамо Р,https://www.championat.com/hockey/_superleague/tournament/2593/teams/99203/result/,https://img.championat.com/team/logo/14672241891538669472.png,hokkey>khl
Слован,https://www.championat.com/hockey/_superleague/tournament/2593/teams/99219/result/,https://img.championat.com/team/logo/1467225035580501170.png,hokkey>khl
Авангард,https://www.championat.com/hockey/_superleague/tournament/2593/teams/99237/result/,https://img.championat.com/team/logo/15359727361725323564.png,hokkey>khl
Витязь,https://www.championat.com/hockey/_superleague/tournament/2593/teams/99213/result/,https://img.championat.com/team/logo/1467225236955756436.png,hokkey>khl
Динамо Мн,https://www.championat.com/hockey/_superleague/tournament/2593/teams/99215/result/,https://img.championat.com/team/logo/1487342233748694728.png,hokkey>khl
Сибирь,https://www.championat.com/hockey/_superleague/tournament/2593/teams/99249/result/,https://img.championat.com/team/logo/15355414511422027013.png,hokkey>khl
ЦСКА,https://www.championat.com/hockey/_superleague/tournament/2593/teams/99223/result/,https://img.championat.com/team/logo/1521881177909853135.png,hokkey>khl
Амур,https://www.championat.com/hockey/_superleague/tournament/2593/teams/99241/result/,https://img.championat.com/team/logo/1467223681945135178.png,hokkey>khl
Барыс,https://www.championat.com/hockey/_superleague/tournament/2593/teams/99243/result/,https://img.championat.com/team/logo/14672239071957831754.png,hokkey>khl
Салават Юлаев,https://www.championat.com/hockey/_superleague/tournament/2593/teams/99247/result/,https://img.championat.com/team/logo/1535540727881560395.png,hokkey>khl
Куньлунь Ред Стар,https://www.championat.com/hockey/_superleague/tournament/2593/teams/99245/result/,https://img.championat.com/team/logo/14696437741567687640.png,hokkey>khl
Адмирал,https://www.championat.com/hockey/_superleague/tournament/2593/teams/99239/result/,https://img.championat.com/team/logo/1535541144252658935.png,hokkey>khl
СКА-Хабаровск,https://www.championat.com/football/_russia1d/tournament/2611/teams/99757/result/,https://img.championat.com/team/logo/146954335968887808.png,soccer>fnl
Луч,https://www.championat.com/football/_russia1d/tournament/2611/teams/99747/result/,https://img.championat.com/team/logo/15319880541415258788.png,soccer>fnl
Томь,https://www.championat.com/football/_russia1d/tournament/2611/teams/99763/result/,https://img.championat.com/team/logo/1469196752144827012.png,soccer>fnl
Тюмень,https://www.championat.com/football/_russia1d/tournament/2611/teams/99765/result/,https://img.championat.com/team/logo/1469524632212593086.png,soccer>fnl
Зенит-2,https://www.championat.com/football/_russia1d/tournament/2611/teams/99745/result/,https://img.championat.com/team/logo/14695242361455694129.png,soccer>fnl
Мордовия,https://www.championat.com/football/_russia1d/tournament/2611/teams/99749/result/,https://img.championat.com/team/logo/1469543347112504937.png,soccer>fnl
Авангард К,https://www.championat.com/football/_russia1d/tournament/2611/teams/99735/result/,https://img.championat.com/team/logo/14692804782006672360.png,soccer>fnl
Сочи,https://www.championat.com/football/_russia1d/tournament/2611/teams/99743/result/,https://img.championat.com/team/logo/1531215018203072749.png,soccer>fnl
Краснодар-2,https://www.championat.com/football/_russia1d/tournament/2611/teams/103503/result/,https://img.championat.com/team/logo/14695274591768680742.png,soccer>fnl
Чертаново,https://www.championat.com/football/_russia1d/tournament/2611/teams/99771/result/,https://img.championat.com/team/logo/1469526739231467627.png,soccer>fnl
Сибирь,https://www.championat.com/football/_russia1d/tournament/2611/teams/99755/result/,https://img.championat.com/team/logo/1469524339815276117.png,soccer>fnl
Химки,https://www.championat.com/football/_russia1d/tournament/2611/teams/99769/result/,https://img.championat.com/team/logo/1469524664145066757.png,soccer>fnl
Факел,https://www.championat.com/football/_russia1d/tournament/2611/teams/99767/result/,https://img.championat.com/team/logo/14996986301887129146.png,soccer>fnl
Нижний Новгород,https://www.championat.com/football/_russia1d/tournament/2611/teams/99751/result/,https://img.championat.com/team/logo/1531481481507005825.png,soccer>fnl
Балтика,https://www.championat.com/football/_russia1d/tournament/2611/teams/99741/result/,https://img.championat.com/team/logo/1531211061801464840.png,soccer>fnl
Армавир,https://www.championat.com/football/_russia1d/tournament/2611/teams/99739/result/,https://img.championat.com/team/logo/1468575299488898682.png,soccer>fnl
Ротор,https://www.championat.com/football/_russia1d/tournament/2611/teams/99753/result/,https://img.championat.com/team/logo/15312149722066119385.png,soccer>fnl
Спартак-2,https://www.championat.com/football/_russia1d/tournament/2611/teams/99759/result/,https://img.championat.com/team/logo/1469524572568235310.png,soccer>fnl
Шинник,https://www.championat.com/football/_russia1d/tournament/2611/teams/99773/result/,https://img.championat.com/team/logo/146952467715336185.png,soccer>fnl
Тамбов,https://www.championat.com/football/_russia1d/tournament/2611/teams/99761/result/,https://img.championat.com/team/logo/1469524612130454067.png,soccer>fnl
Бавария,https://www.championat.com/football/_germany/tournament/2621/teams/102937/result/,https://img.championat.com/team/logo/1467889888998542949.png,soccer>bundesliga
Герта,https://www.championat.com/football/_germany/tournament/2621/teams/102955/result/,https://img.championat.com/team/logo/14678904021130589364.png,soccer>bundesliga
Вердер,https://www.championat.com/football/_germany/tournament/2621/teams/102935/result/,https://img.championat.com/team/logo/1467890220645725227.png,soccer>bundesliga
Фрайбург,https://www.championat.com/football/_germany/tournament/2621/teams/102949/result/,https://img.championat.com/team/logo/14694597521718827303.png,soccer>bundesliga
Вольфсбург,https://www.championat.com/football/_germany/tournament/2621/teams/102947/result/,https://img.championat.com/team/logo/14678902631686668474.png,soccer>bundesliga
Фортуна,https://www.championat.com/football/_germany/tournament/2621/teams/102967/result/,https://img.championat.com/team/logo/1569349968232626015.png,soccer>bundesliga
Боруссия М,https://www.championat.com/football/_germany/tournament/2621/teams/102951/result/,https://img.championat.com/team/logo/14678901531776477662.png,soccer>bundesliga
Майнц,https://www.championat.com/football/_germany/tournament/2621/teams/102959/result/,https://img.championat.com/team/logo/14678909411939770371.png,soccer>bundesliga
Боруссия Д,https://www.championat.com/football/_germany/tournament/2621/teams/102943/result/,https://img.championat.com/team/logo/14678900551116847616.png,soccer>bundesliga
Ганновер-96,https://www.championat.com/football/_germany/tournament/2621/teams/102953/result/,https://img.championat.com/team/logo/14678912941809349198.png,soccer>bundesliga
Хоффенхайм,https://www.championat.com/football/_germany/tournament/2621/teams/102965/result/,https://img.championat.com/team/logo/14678910512086615403.png,soccer>bundesliga
Байер,https://www.championat.com/football/_germany/tournament/2621/teams/102941/result/,https://img.championat.com/team/logo/1467889991440586524.png,soccer>bundesliga
Айнтрахт Ф,https://www.championat.com/football/_germany/tournament/2621/teams/102961/result/,https://img.championat.com/team/logo/146788965642085132.png,soccer>bundesliga
Аугсбург,https://www.championat.com/football/_germany/tournament/2621/teams/102963/result/,https://img.championat.com/team/logo/14678898211424076603.png,soccer>bundesliga
Нюрнберг,https://www.championat.com/football/_germany/tournament/2621/teams/102957/result/,https://img.championat.com/team/logo/13763193251302363817_fcn.jpg,soccer>bundesliga
Штутгарт,https://www.championat.com/football/_germany/tournament/2621/teams/102939/result/,https://img.championat.com/team/logo/14678912232024075171.png,soccer>bundesliga
РБ Лейпциг,https://www.championat.com/football/_germany/tournament/2621/teams/102969/result/,https://img.championat.com/team/logo/14711313731822384223.png,soccer>bundesliga
Шальке-04,https://www.championat.com/football/_germany/tournament/2621/teams/102945/result/,https://img.championat.com/team/logo/14678911581910296694.png,soccer>bundesliga
Манчестер Юнайтед,https://www.championat.com/football/_england/tournament/2613/teams/100939/result/,https://img.championat.com/team/logo/14658325251734697001.png,soccer>apl
Ньюкасл Юнайтед,https://www.championat.com/football/_england/tournament/2613/teams/100943/result/,https://img.championat.com/team/logo/14658319671198636026.png,soccer>apl
Борнмут,https://www.championat.com/football/_england/tournament/2613/teams/100971/result/,https://img.championat.com/team/logo/1552494382773535695.png,soccer>apl
Фулхэм,https://www.championat.com/football/_england/tournament/2613/teams/100945/result/,https://img.championat.com/team/logo/1552494403343266701.png,soccer>apl
Хаддерсфилд Таун,https://www.championat.com/football/_england/tournament/2613/teams/100973/result/,https://img.championat.com/team/logo/14694878991416399961.png,soccer>apl
Уотфорд,https://www.championat.com/football/_england/tournament/2613/teams/100965/result/,https://img.championat.com/team/logo/14658315211076255213.png,soccer>apl
Вулверхэмптон,https://www.championat.com/football/_england/tournament/2613/teams/100957/result/,https://img.championat.com/team/logo/1552494421733611411.png,soccer>apl
Ливерпуль,https://www.championat.com/football/_england/tournament/2613/teams/100941/result/,https://img.championat.com/team/logo/14658326181147966153.png,soccer>apl
Саутгемптон,https://www.championat.com/football/_england/tournament/2613/teams/100947/result/,https://img.championat.com/team/logo/15524943211108666290.png,soccer>apl
Арсенал,https://www.championat.com/football/_england/tournament/2613/teams/100935/result/,https://img.championat.com/team/logo/1465832935255919291.png,soccer>apl
Кардифф Сити,https://www.championat.com/football/_england/tournament/2613/teams/100963/result/,https://img.championat.com/team/logo/15046397731405800250.png,soccer>apl
Эвертон,https://www.championat.com/football/_england/tournament/2613/teams/100949/result/,https://img.championat.com/team/logo/1465755316563300807.png,soccer>apl
Лестер Сити,https://www.championat.com/football/_england/tournament/2613/teams/100959/result/,https://img.championat.com/team/logo/14658326571808281562.png,soccer>apl
Тоттенхэм Хотспур,https://www.championat.com/football/_england/tournament/2613/teams/100951/result/,https://img.championat.com/team/logo/14658316581098338948.png,soccer>apl
Вест Хэм Юнайтед,https://www.championat.com/football/_england/tournament/2613/teams/100961/result/,https://img.championat.com/team/logo/14691953971590009599.png,soccer>apl
Челси,https://www.championat.com/football/_england/tournament/2613/teams/100937/result/,https://img.championat.com/team/logo/14658314551368579346.png,soccer>apl
Бёрнли,https://www.championat.com/football/_england/tournament/2613/teams/100967/result/,https://img.championat.com/team/logo/1469456604687893380.png,soccer>apl
Манчестер Сити,https://www.championat.com/football/_england/tournament/2613/teams/100953/result/,https://img.championat.com/team/logo/1469055821916222532.png,soccer>apl
Брайтон энд Хоув Альбион,https://www.championat.com/football/_england/tournament/2613/teams/100969/result/,https://img.championat.com/team/logo/14694863921668483594.png,soccer>apl
Кристал Пэлас,https://www.championat.com/football/_england/tournament/2613/teams/100955/result/,https://img.championat.com/team/logo/14658327001948562049.png,soccer>apl
Динамо СПб,https://www.championat.com/hockey/_highleague/tournament/2783/teams/109321/result/,https://img.championat.com/team/logo/15355406802061851077.png,hokkey>vhl
Ермак,https://www.championat.com/hockey/_highleague/tournament/2783/teams/109323/result/,https://img.championat.com/team/logo/1503326493734443793.png,hokkey>vhl
Сарыарка,https://www.championat.com/hockey/_highleague/tournament/2783/teams/109343/result/,https://img.championat.com/team/logo/1553002902800116219.png,hokkey>vhl
Челмет,https://www.championat.com/hockey/_highleague/tournament/2783/teams/109365/result/,https://img.championat.com/team/logo/155300266163036508.png,hokkey>vhl
Молот-Прикамье,https://www.championat.com/hockey/_highleague/tournament/2783/teams/109337/result/,https://img.championat.com/team/logo/1553002942474718410.png,hokkey>vhl
Рубин,https://www.championat.com/hockey/_highleague/tournament/2783/teams/109341/result/,https://img.championat.com/team/logo/15061784971243849831.png,hokkey>vhl
Торос,https://www.championat.com/hockey/_highleague/tournament/2783/teams/109349/result/,https://img.championat.com/team/logo/1553002816765741495.png,hokkey>vhl
Ижсталь,https://www.championat.com/hockey/_highleague/tournament/2783/teams/109329/result/,https://img.championat.com/team/logo/1553002977508299189.png,hokkey>vhl
ЦСК ВВС,https://www.championat.com/hockey/_highleague/tournament/2783/teams/109363/result/,https://img.championat.com/team/logo/15345392561626290177.png,hokkey>vhl
Барс,https://www.championat.com/hockey/_highleague/tournament/2783/teams/109313/result/,https://img.championat.com/team/logo/1553003124418779658.png,hokkey>vhl
Буран,https://www.championat.com/hockey/_highleague/tournament/2783/teams/109315/result/,https://img.championat.com/team/logo/1553003089250685357.png,hokkey>vhl
Дизель,https://www.championat.com/hockey/_highleague/tournament/2783/teams/109319/result/,https://img.championat.com/team/logo/15530030581685322649.png,hokkey>vhl
Сокол,https://www.championat.com/hockey/_highleague/tournament/2783/teams/109347/result/,https://img.championat.com/team/logo/1553002857334293539.png,hokkey>vhl
Звезда,https://www.championat.com/hockey/_highleague/tournament/2783/teams/109327/result/,https://img.championat.com/team/logo/153453956583277582.png,hokkey>vhl
Химик,https://www.championat.com/hockey/_highleague/tournament/2783/teams/109359/result/,https://img.championat.com/team/logo/1487343088953650010.png,hokkey>vhl
СКА-Нева,https://www.championat.com/hockey/_highleague/tournament/2783/teams/109345/result/,https://img.championat.com/team/logo/14880439221018947176.png,hokkey>vhl
Металлург Нк,https://www.championat.com/hockey/_highleague/tournament/2783/teams/109335/result/,https://img.championat.com/team/logo/14672245801512375714.png,hokkey>vhl
Лада,https://www.championat.com/hockey/_highleague/tournament/2783/teams/109333/result/,https://img.championat.com/team/logo/1467224420224742122.png,hokkey>vhl
Нефтяник,https://www.championat.com/hockey/_highleague/tournament/2783/teams/109339/result/,https://img.championat.com/team/logo/1487343407995024718.png,hokkey>vhl
Торпедо УК,https://www.championat.com/hockey/_highleague/tournament/2783/teams/109351/result/,https://img.championat.com/team/logo/155300278242909199.png,hokkey>vhl
Югра,https://www.championat.com/hockey/_highleague/tournament/2783/teams/109367/result/,https://img.championat.com/team/logo/1467224341248688835.png,hokkey>vhl
ХК Тамбов,https://www.championat.com/hockey/_highleague/tournament/2783/teams/109357/result/,https://img.championat.com/team/logo/15336746601213632409.png,hokkey>vhl
ХК Саров,https://www.championat.com/hockey/_highleague/tournament/2783/teams/109355/result/,https://img.championat.com/team/logo/1553002698784465173.png,hokkey>vhl
Чэн Тоу,https://www.championat.com/hockey/_highleague/tournament/2783/teams/109361/result/,https://img.championat.com/team/logo/15345391781674088192.png,hokkey>vhl
Южный Урал,https://www.championat.com/hockey/_highleague/tournament/2783/teams/109369/result/,https://img.championat.com/team/logo/14873439531901395980.png,hokkey>vhl
КРС-ОЭРДЖИ,https://www.championat.com/hockey/_highleague/tournament/2783/teams/112193/result/,https://img.championat.com/team/logo/153453938647477602.png,hokkey>vhl
Горняк,https://www.championat.com/hockey/_highleague/tournament/2783/teams/109317/result/,https://img.championat.com/team/logo/15033264401588071911.png,hokkey>vhl
ХК Рязань,https://www.championat.com/hockey/_highleague/tournament/2783/teams/109353/result/,https://img.championat.com/team/logo/1553002735900262740.png,hokkey>vhl
Зауралье,https://www.championat.com/hockey/_highleague/tournament/2783/teams/109325/result/,https://img.championat.com/team/logo/15530030212136688471.png,hokkey>vhl